Ticker,Split,Model,Fold,Train_End,Test_Start,Test_End,Train_Rows,Test_Rows,RMSE,MAE,MAPE (%),R²,Directional Accuracy (%)
VCB,walkforward,Linear Regression,1,2020-04-09,2020-04-10,2021-07-23,324,324,0.7545,0.5409,1.3565,0.973,52.23
VCB,walkforward,Linear Regression,2,2021-07-23,2021-07-26,2022-11-08,648,324,0.72,0.5361,1.2352,0.9354,51.52
VCB,walkforward,Linear Regression,3,2022-11-08,2022-11-09,2024-02-28,972,324,0.8116,0.5916,1.1099,0.9755,47.04
VCB,walkforward,Linear Regression,4,2024-02-28,2024-02-29,2025-06-18,1296,324,0.7139,0.4523,0.7609,0.9121,45.49
VCB,walkforward,Linear Regression,5,2025-06-18,2025-06-19,2026-10-06,1620,324,1.1411,0.7322,1.1769,0.9019,52.67
FPT,walkforward,Linear Regression,1,2020-04-09,2020-04-10,2021-07-23,324,324,0.5832,0.3952,1.5365,0.994,46.86
FPT,walkforward,Linear Regression,2,2021-07-23,2021-07-26,2022-11-08,648,324,0.9003,0.6337,1.4123,0.914,50.0
FPT,walkforward,Linear Regression,3,2022-11-08,2022-11-09,2024-02-28,972,324,0.739,0.4939,0.927,0.9931,52.86
FPT,walkforward,Linear Regression,4,2024-02-28,2024-02-29,2025-06-18,1296,324,1.6951,1.2234,1.2929,0.9794,52.08
FPT,walkforward,Linear Regression,5,2025-06-18,2025-06-19,2026-10-06,1620,324,1.5213,1.1397,1.4621,0.9848,50.31
HPG,walkforward,Linear Regression,1,2020-04-09,2020-04-10,2021-07-23,324,324,0.5303,0.3687,2.3215,0.9929,43.81
HPG,walkforward,Linear Regression,2,2021-07-23,2021-07-26,2022-11-08,648,324,0.4542,0.3351,1.7448,0.9926,51.13
HPG,walkforward,Linear Regression,3,2022-11-08,2022-11-09,2024-02-28,972,324,0.3432,0.2499,1.6472,0.9831,47.16
HPG,walkforward,Linear Regression,4,2024-02-28,2024-02-29,2025-06-18,1296,324,0.2964,0.207,1.05,0.8967,51.67
HPG,walkforward,Linear Regression,5,2025-06-18,2025-06-19,2026-10-06,1620,324,0.4211,0.2979,1.2582,0.9243,54.43
VIC,walkforward,Linear Regression,1,2020-04-09,2020-04-10,2021-07-23,324,324,0.8735,0.599,1.2872,0.977,54.83
VIC,walkforward,Linear Regression,2,2021-07-23,2021-07-26,2022-11-08,648,324,0.8063,0.5595,1.3927,0.9871,46.23
VIC,walkforward,Linear Regression,3,2022-11-08,2022-11-09,2024-02-28,972,324,0.6388,0.4001,1.4638,0.97,52.36
VIC,walkforward,Linear Regression,4,2024-02-28,2024-02-29,2025-06-18,1296,324,0.6471,0.3514,1.268,0.9923,45.88
VIC,walkforward,Linear Regression,5,2025-06-18,2025-06-19,2026-10-06,1620,324,4.8937,3.4598,2.3965,0.9939,56.16
VNM,walkforward,Linear Regression,1,2020-04-09,2020-04-10,2021-07-23,324,324,1.197,0.8504,1.1989,0.9652,53.21
VNM,walkforward,Linear Regression,2,2021-07-23,2021-07-26,2022-11-08,648,324,0.9155,0.6783,1.1304,0.961,46.86
VNM,walkforward,Linear Regression,3,2022-11-08,2022-11-09,2024-02-28,972,324,0.7481,0.5697,0.942,0.951,53.49
VNM,walkforward,Linear Regression,4,2024-02-28,2024-02-29,2025-06-18,1296,324,0.7286,0.4861,0.8635,0.9578,44.44
VNM,walkforward,Linear Regression,5,2025-06-18,2025-06-19,2026-10-06,1620,324,1.0584,0.7485,1.2505,0.9131,53.09
