RMSE,Split,Model,Ticker,R²,MAE,MAPE (%),Directional Accuracy (%),Rank_RMSE,Rank_MAE
1.62,70_30,SVR,FPT,0.9889,1.19,1.378,47.37,1,1
1.63,70_30,ARIMA,FPT,0.9884,1.2,1.381,55.09,2,2
1.68,70_30,Linear Regression,FPT,0.988,1.25,1.456,52.46,3,3
1.8,70_30,GRU,FPT,0.9884,1.33,1.389,48.07,4,4
1.8,70_30,LSTM,FPT,0.9883,1.33,1.39,47.89,4,4
6.46,70_30,Transformer,FPT,0.9197,4.05,3.886,51.31,6,6
42.08,70_30,Facebook Prophet,FPT,-2.41,36.15,36.229,49.48,7,7
0.37,70_30,ARIMA,HPG,0.9721,0.26,1.18,48.53,3,3
0.37,70_30,GRU,HPG,0.9721,0.26,1.183,45.32,3,3
0.37,70_30,Linear Regression,HPG,0.9728,0.26,1.16,54.3,3,3
0.37,70_30,LSTM,HPG,0.9721,0.26,1.185,44.04,3,3
0.37,70_30,SVR,HPG,0.9727,0.26,1.161,54.48,3,3
1.71,70_30,Transformer,HPG,0.7498,1.46,7.125,49.66,6,6
21.95,70_30,Facebook Prophet,HPG,-40.2296,21.12,91.413,50.47,7,7
0.92,70_30,GRU,VCB,0.9175,0.58,0.951,49.91,1,2
0.92,70_30,SVR,VCB,0.9178,0.58,0.947,51.7,1,2
0.93,70_30,ARIMA,VCB,0.9164,0.58,0.95,52.55,3,2
0.93,70_30,LSTM,VCB,0.9171,0.58,0.953,48.96,3,2
0.94,70_30,Linear Regression,VCB,0.9155,0.61,1.004,50.38,5,5
1.75,70_30,Transformer,VCB,0.8051,1.22,2.025,52.54,6,6
13.81,70_30,Facebook Prophet,VCB,-11.0775,13.34,22.182,51.03,7,7
3.56,70_30,GRU,VIC,0.9978,1.96,1.822,55.53,1,1
3.57,70_30,LSTM,VIC,0.9978,1.97,1.832,55.34,2,2
3.62,70_30,ARIMA,VIC,0.9977,2.02,1.858,54.17,3,3
3.67,70_30,SVR,VIC,0.9977,2.06,1.879,44.77,4,4
3.79,70_30,Linear Regression,VIC,0.9976,2.16,1.976,47.48,5,5
36.09,70_30,Transformer,VIC,0.4332,15.33,12.695,47.89,6,6
67.61,70_30,Facebook Prophet,VIC,-0.9885,43.42,74.105,46.62,7,7
0.93,70_30,ARIMA,VNM,0.9437,0.62,1.055,55.41,3,2
0.93,70_30,GRU,VNM,0.9436,0.62,1.057,52.66,3,2
0.93,70_30,Linear Regression,VNM,0.9438,0.63,1.072,54.6,3,5
0.93,70_30,LSTM,VNM,0.9435,0.62,1.057,57.98,3,2
0.93,70_30,SVR,VNM,0.9434,0.62,1.063,56.62,3,2
1.01,70_30,Transformer,VNM,0.9332,0.71,1.167,52.57,6,6
10.1,70_30,Facebook Prophet,VNM,-5.6927,8.5,13.889,53.25,7,7
1.68,80_20,ARIMA,FPT,0.9823,1.22,1.511,54.35,1,1
1.68,80_20,SVR,FPT,0.9814,1.23,1.528,44.33,1,2
1.69,80_20,Linear Regression,FPT,0.9811,1.25,1.555,50.13,3,3
1.85,80_20,GRU,FPT,0.9825,1.35,1.516,45.12,4,4
1.85,80_20,LSTM,FPT,0.9824,1.35,1.517,44.59,4,4
6.13,80_20,Transformer,FPT,0.7961,4.65,4.311,50.0,6,6
25.23,80_20,Facebook Prophet,FPT,-2.4536,21.01,19.794,49.42,7,7
0.42,80_20,ARIMA,HPG,0.9615,0.29,1.289,50.82,3,3
0.42,80_20,GRU,HPG,0.9616,0.29,1.285,52.73,3,3
0.42,80_20,Linear Regression,HPG,0.9623,0.29,1.276,53.01,3,3
0.42,80_20,LSTM,HPG,0.9616,0.29,1.288,48.91,3,3
0.42,80_20,SVR,HPG,0.9619,0.29,1.277,54.1,3,3
0.67,80_20,Transformer,HPG,0.9329,0.54,2.293,53.33,6,6
2.25,80_20,Facebook Prophet,HPG,0.2503,1.83,7.941,50.1,7,7
1.08,80_20,GRU,VCB,0.9178,0.7,1.138,51.97,2,3
1.08,80_20,LSTM,VCB,0.9176,0.7,1.137,47.47,2,3
1.08,80_20,SVR,VCB,0.9184,0.69,1.129,52.53,2,1
1.09,80_20,ARIMA,VCB,0.9165,0.7,1.144,52.25,4,3
1.09,80_20,Linear Regression,VCB,0.9172,0.7,1.147,52.53,4,3
2.17,80_20,Transformer,VCB,0.5663,1.33,2.112,55.83,6,6
16.19,80_20,Facebook Prophet,VCB,-23.1114,14.35,23.857,48.54,7,7
4.36,80_20,GRU,VIC,0.9962,2.87,2.392,60.4,1,1
4.37,80_20,LSTM,VIC,0.9962,2.89,2.415,58.4,2,2
4.43,80_20,ARIMA,VIC,0.9961,2.97,2.45,53.85,3,3
4.49,80_20,SVR,VIC,0.996,3.02,2.466,41.31,4,4
4.61,80_20,Linear Regression,VIC,0.9958,3.13,2.549,48.15,5,5
46.77,80_20,Transformer,VIC,0.2655,24.08,18.681,48.3,6,6
76.65,80_20,Facebook Prophet,VIC,-0.973,49.37,54.212,43.4,7,7
1.03,80_20,ARIMA,VNM,0.9421,0.7,1.206,55.04,1,1
1.03,80_20,Linear Regression,VNM,0.9421,0.72,1.23,54.77,1,4
1.04,80_20,GRU,VNM,0.9415,0.71,1.216,55.86,3,2
1.04,80_20,SVR,VNM,0.9415,0.72,1.222,53.13,3,4
1.05,80_20,LSTM,VNM,0.9402,0.72,1.236,45.5,5,4
1.14,80_20,Transformer,VNM,0.9231,0.77,1.283,52.13,6,6
3.84,80_20,Facebook Prophet,VNM,0.1199,3.05,5.144,52.13,7,7
